year,Argentina,Australia,Austria,Belarus,Belgium,Brazil,Bulgaria,Canada,Chile,China,Colombia,Cuba,Czechia,Denmark,Ecuador,Estonia,European Union,Finland,France,Germany,Guatemala,Hungary,Iceland,India,Italy,Japan,Kazakhstan,"Korea, Rep.",Malaysia,Mauritius,Monaco,Namibia,Netherlands,New Zealand,Norway,Pakistan,Panama,Papua New Guinea,Peru,Poland,Portugal,Romania,Russian Federation,Slovak Republic,Slovenia,South Africa,Spain,Sweden,Switzerland,Turkiye,Ukraine,United Kingdom,United States,Uruguay,Vanuatu,"Venezuela, RB"
1960,15865474315.4056,18635682981.7093,6624086313.14334,,11810619368.3874,17030465539.3906,,40563768946.9503,4211103676.74027,59846235024.7318,4031152976.63904,,,6361166544.50349,2069464937.19791,,285151593517.865,5279481824.12983,61959085885.3427,84619845881.2608,1043599900.0,,260984498.826389,37029883876.1839,42012422612.3955,47419238274.4619,,3973069306.93069,1916229477.13657,162089563.829564,,,13282979014.563,5536098360.49526,5197398721.41367,3749265014.69971,537147100.0,230496036.879366,2571986572.12719,,3339150157.85605,,,,,8748596500.5614,12424514013.7604,15930075466.8898,10412232620.5258,7566666666.66667,,73233967692.1028,541988586206.897,1242289239.20493,,7663938303.07171
1961,20132220374.9093,19713123154.0997,7346566037.83392,,12561701694.3319,17275940449.3837,,41038192837.9035,4948564550.91046,50162299349.7871,4540447761.19403,,,7058361229.35415,1753850955.05808,,316957315284.249,5984433774.41601,67158050215.0488,96558204043.1028,1076699900.0,,266711460.241466,39232435784.0358,46649487320.4225,57266758179.5883,,2427244760.66918,1901856122.72231,191757729.477729,,,14599836396.388,5721994864.23066,5669689210.3186,4118647627.04746,599026300.0,244832039.173126,2897852693.27494,,3573719084.53354,,,,,9225996309.60148,14238126759.7335,17329620584.6147,11713348834.3069,7988888888.88889,,77741965703.3544,561940310344.828,1547388781.43133,,8067267030.61862
1962,18337691145.3688,19953923192.6277,7793042529.15992,,13436827166.5187,19231747851.5332,,42336211555.8268,5765971144.47142,47310737754.2287,4955543963.36869,,,7953274741.29303,1518207703.48997,,350242479710.816,6407796042.70357,75196980365.0325,105895435234.343,1143600000.0,,299309938.066264,42161481858.0819,52413872628.0045,64987857541.6256,,2826923076.92308,2001489602.18475,197738207.858208,,,15847582341.1664,6133158532.21667,6107076928.63372,4310163796.72407,652120900.0,261184041.789447,3284322201.27831,,3835883663.25123,,,,,9813996074.40157,16609632790.5843,18794066990.0612,12989649694.2812,8922222222.22222,,81247564156.8246,603639413793.103,1710004407.22785,,8814309884.21165
1963,18272123664.4715,21573443451.751,8414050621.01716,,14445805381.3872,23287712878.2002,,45140337826.9869,5702520146.03167,50812227918.5753,4836166666.66667,,,8466044979.87996,1824343870.71407,,384746828593.342,6958916548.12933,84227606649.8725,112232503744.1,1262800000.0,,357240895.712432,48421923459.1235,60035924617.9277,74379284603.3875,,4007692307.69231,2510110348.16184,253839557.949558,,,17193744109.0367,6699741645.07827,6553269535.51009,4630827383.45233,722784500.0,275968044.154887,3598272493.3109,,4084251592.81599,,,,,10854195658.3217,19631714759.6491,20342131881.5074,14283872299.0456,10355555555.5556,,86561961812.3249,637058551724.138,1539681490.78174,,9608717288.17057
1964,25605249381.7597,23835843813.735,9213648655.97511,,16168044450.2523,20963733694.9749,,49503663836.3665,6065708668.32735,59821862703.4023,5973366666.66667,,,9677401337.17309,2244146102.98333,,426774574129.451,7848987792.54261,93424179943.3453,123330404665.086,1299099900.0,,456206298.792753,56480289940.9899,65720771779.4768,87490590817.9803,,3476789681.58031,2674423922.48842,218914569.184569,,,20232048552.8327,7340766415.01868,7206522121.80418,5204955900.88198,776137500.0,305312048.849928,4353664866.67985,,4429202656.90741,,,,,11955995217.6019,21966876027.2517,22685490195.3119,15833133857.6281,11177777777.7778,,94407558351.1616,684144620689.655,1975701816.46615,,8192413793.10345
1965,28344705966.6389,26014244162.2791,10041659445.118,,17597783297.4583,22465522884.0988,,54649410478.5226,6183988944.34606,70565994356.1828,5760761904.7619,,,10870670865.3211,2387047395.70254,,467012617276.635,8680393838.88018,100927668584.29,134774688191.161,1331399900.0,,550150987.996732,59556105229.0052,70717012186.1774,97338107605.8236,,3141131708.31319,2956337669.29525,230024160.524161,,,22721869808.1438,5706251400.19577,8111945661.21624,5929231415.37169,852485300.0,344176055.068169,5163008077.37371,,4901711247.81592,,,,,13068994772.4021,25479619606.5284,24963947414.6983,16780226225.085,11966666666.6667,,101824755078.991,741904862068.965,1890767155.52622,,8427777777.77778
1966,28630474727.9023,27349284375.8855,10939526218.6393,,18894891312.2977,28283323733.1114,,61252415404.686,7256882086.19585,76854053259.209,5428518518.51852,,,11931740293.0378,2429308638.838,,505529224628.472,9306142171.60056,109306730313.216,143304275683.979,1390700000.0,,660663763.278256,45581230504.071,76622444787.3696,113046784179.289,,3957064541.39218,3143517943.82632,227534083.454083,,,24741480717.0389,5917437693.37459,8753940266.90184,6561108777.82444,928833000.0,390992062.55873,6109048736.61853,,5370108031.12859,,,,,14211394315.4423,29559436182.9186,27154716721.2854,18019402373.5388,14100000000.0,,108572752102.045,813032758620.69,1809185093.55188,,8781333333.33333
1967,24256667553.2569,30487524878.004,11634569521.9273,,20252508995.4745,31086389194.961,,65856924423.9721,7145068067.64138,73011350596.2485,5825170438.48704,,,13059064805.8774,2553595172.08743,,538186984638.651,9468272357.09549,118088635380.954,145100667772.69,1453500000.0,,652609075.682946,50134942204.0,84401995573.2456,132475614226.519,,4895076717.9993,3188924677.08953,238439290.867222,,,27143828098.7481,6016017227.09124,9577383653.18303,7464510709.7858,1034376400.0,441728182.676509,6194340079.8786,,6002607029.64663,,,,,15821393671.4425,32570905397.2885,29474881505.9928,19397044714.0963,15644444444.4444,,113116888210.787,859620034482.759,1597713469.09611,,9250000000.0
1968,26436857247.4982,32763365242.1384,12499863917.1003,,21654856965.4281,33930457425.2613,,72048833006.1602,7286820526.02462,70980323818.7853,5960212869.12968,,,13505574133.3333,2582179864.15493,,577537349543.932,8916565040.54632,128710572572.436,156527292653.157,1610500000.0,4886222554.66355,498365199.686946,53085455870.6667,91485448147.84,156897496759.128,,6167109472.42856,3330371551.21161,206576630.576631,,,30097635750.982,5228045415.27318,10227087165.2414,8041999160.0168,1112791100.0,485184189.62947,5736083835.29034,,6644693214.18343,,,,,17124793150.0827,32394326463.759,31277871668.8452,20712102793.8026,17500000000.0,,107759910067.889,940225000000.0,1593674184.56285,,10034444444.4444
1969,31256284543.6155,36738245878.1193,13647475854.0287,,24019653474.9959,37171640818.5863,,79405011124.8208,8456519044.38223,79847786729.1898,6450175213.74923,,,15414902666.6667,3112165727.38342,,644490038737.548,10177524838.9004,140660914840.59,177733486326.06,1715399900.0,5429812386.53195,435659609.943615,58447995017.3333,100996667239.335,184298841304.667,,7743940188.95006,3664552041.34299,221553612.873613,,,34086038090.3986,5814357708.51005,11136187439.8326,8683116337.67325,1221305700.0,551263864.202218,6420909789.83,,7287555035.34403,,,,,19256992297.2031,37090689287.8552,33967301561.0634,22442043274.074,19466666666.6667,,116464702803.218,1017438172413.79,2004435483.87097,,10285111111.1111
1970,31584210365.5447,41395206623.2331,15312791743.8476,,26706196046.7931,42327664793.6934,,88192257632.3093,9261006540.15907,92752930873.1912,7198360460.19887,5693005200.0,,17075457733.3333,2862503139.00358,,728936354558.504,11358529161.9479,147312861698.358,216629229947.096,1904000000.0,5780929202.60333,545115909.090909,62422483054.6667,113656669764.56,217223652719.444,,9085001793.55852,3864145667.41365,224125805.005805,293127333.238065,,38220884519.3888,6495605330.94411,12814123115.2613,10027509449.811,1351006400.0,645568215.290914,7432223176.93623,,8108235704.32357,,,,,21218391512.6434,40963715236.5106,38037226668.2131,24998066773.3821,17863636363.6364,,130671946244.3,1073303000000.0,2137096774.19355,,11561111111.1111
1971,33293199095.4881,45283847245.4156,17788536733.1204,,29821661869.912,48869830901.7878,,99606454743.5136,10999807567.1235,99959013879.6308,7820380970.53674,6914658400.0,,19086192720.4664,2754219271.03082,,823997564740.857,12528522307.4737,164694210962.472,250900942396.699,1984800000.0,6291568220.79393,693679545.454545,67351404351.833,124959712858.926,245364056622.363,,10005257131.3347,4244395955.78358,251437337.841491,327706210.435217,,44644730576.4411,7911136757.06867,14583114840.0629,10665896682.0664,1523917200.0,717750278.105664,8289582883.67673,,9201604240.28269,,,,,23411076638.279,46586119760.479,41506151114.9262,30040171750.6471,16166666666.6667,,148113896325.14,1164850000000.0,2807258064.51613,,12986590909.0909
1972,34733000536.2862,52117990654.2056,21973207929.0434,,37209418018.5134,58434858374.8696,,113463848873.624,12057501634.979,113871930713.841,8671358732.68486,8135150891.92025,,23230667549.2496,3185986087.33583,,993807576357.324,14744499569.8308,201738881664.499,300899944795.436,2101300000.0,7379313742.13684,869002945.841831,71464700666.9869,145594833997.344,324933841268.585,,10990490569.7259,5043347250.41815,318664899.637091,402451900.821288,,54787070173.0294,9567331064.65727,17358610849.701,9415016359.56604,1673411700.0,858761926.08968,9189413409.28138,,11239117865.0852,,,,,24515919216.8851,59090176028.993,48883173399.9664,36844318854.2403,20650000000.0,,169965034965.035,1279110000000.0,2189418688.80408,,13977727272.7273
1973,52544000116.9037,63923126201.1531,29399860144.7748,,47743801490.3747,83592275862.9982,,131764343565.643,17237336172.7878,138764340892.0,10315760000.3394,9987709650.18094,,30718181337.3006,3891754150.23796,,1285760453749.93,19474098335.1486,261970536240.424,399833571167.215,2569200100.0,9138292402.1882,1194794186.17552,85517673172.5513,175896529392.229,441460582535.921,,14067523813.0386,7662902677.9027,404285775.079719,523554039.203208,,71946639602.7117,12802281897.8712,22534253702.8686,6383429490.21091,1913793400.0,1299079410.43638,10994381895.1161,,15090564186.4268,,,,,33262772008.1446,78583355225.5854,59318842992.2378,49550006319.5147,26000000000.0,,192537971582.558,1425376000000.0,3964296443.35254,,17035581395.3488
1974,72436777342.4554,89086219602.0634,35051468639.576,,56033077879.0389,109794519727.538,,160949188139.059,16584311220.1384,144418433058.472,12370029583.6419,11405957317.0732,,34125712480.9267,6599257044.12414,,1455564730991.19,24851036710.2568,282739225313.693,446934971657.471,3161499900.0,10016338178.9993,1568154077.03852,99526597933.6331,200024444775.231,490035789970.299,,19860929976.698,9496204301.74981,669894029.624369,563949254.114034,,87371810804.1643,13940981798.1247,27145693810.1341,8899191919.19192,2188307600.0,1467417672.17002,13858441211.4692,,17512391475.9274,,,,,41389186094.5992,97204522642.0536,65917634590.2599,57103011445.6416,35414285714.2857,,206131369798.971,1545243000000.0,4090209681.97172,,26100930232.5581
1975,52438647921.9226,97440939505.6671,39902300703.1682,,65678189097.2908,129203555238.827,,174419757176.563,7812161793.11971,163687619735.857,13098633901.8673,13027415243.9024,,40418967665.5877,7731674472.07212,,1694691860215.15,29475251333.4411,357324307786.446,492434094920.105,3645900000.0,11420392514.6172,1456052700.06506,98473832017.3242,228220643534.994,532861438884.724,,22126033057.8512,9298800799.46702,673311287.073382,711978961.893674,,100397061693.97,12861983284.3912,32877805200.023,11230606060.6061,2435304100.0,1356603608.09695,16931162355.4802,,19347607843.1373,,,,,42906905672.42,114695060869.565,82765232647.753,65466081819.2384,46042857142.8571,,241756637168.142,1684904000000.0,3538278046.96236,,27464651162.7907
1976,51169499892.1722,105209354855.787,42791707448.0325,,71113882967.6071,153168949208.207,,207271612576.065,10523479088.8075,154196810058.643,15341403660.4698,13789579902.5579,,44503607444.1687,9091921030.17345,,1775046705220.48,31852352669.6415,368363152144.223,521658712132.981,4365300200.0,13235612078.8396,1727845419.11401,102716451979.68,225235205861.828,598883902155.605,,30371074380.1653,11050234598.6249,713510051.522669,735324244.667397,,109329386564.427,13604832424.0062,35942270686.3374,13168080808.0808,2588106000.0,1511843235.49111,16131958850.6444,,20332831564.9867,,,,,41150460287.6151,118422534195.474,89232517045.8459,68476524643.943,51450000000.0,,232614555256.065,1873412000000.0,3667161241.48372,,31419534883.7209
1977,56781000101.0848,110504702913.512,51343861460.328,,82839905458.6382,176344101401.941,,212325176304.654,14272711436.7475,175226595859.778,19470960619.1297,14206158674.6988,,49711709588.2196,11026342618.1141,,2011021369358.25,33502784417.884,406401711687.617,602698323085.993,5480500200.0,14783674054.829,2285707748.78061,121486641441.309,258190019749.835,737069290927.712,,39064462809.9174,13139488632.5546,834722972.199873,811191392.224277,,127203923857.412,15446825318.4556,41508030431.1074,15126060606.0606,2738261900.0,1640746618.68467,14544913960.5062,,21439523310.6338,,,,,45328411332.1028,132354665936.473,94331782622.2778,73135771167.048,58683333333.3333,,263066457352.172,2081826000000.0,4114670014.3472,,36210697674.4186
1978,89049453088.3282,118660813779.849,61809208755.804,,101246526194.441,200278646123.581,,219369542386.254,16373093553.7155,149788617886.179,23263511958.0509,17844705324.6753,,60320089217.713,11922497876.4828,,2449229543717.81,36259392057.7617,501724418604.651,743182891918.208,6070600200.0,17286744153.707,2599627088.63561,137302319828.995,315784469541.41,1035611588216.59,,52824793388.4297,16358079862.1096,1029040323.36704,1000555218.03209,,156089077205.133,18530518394.6488,46522900253.7054,17811515151.5152,3244558600.0,1947878830.62383,12491876742.9708,,23487614051.0949,,,,,51607412901.8532,160484969618.056,104290933495.629,102280472035.794,65912500000.0,,335883029721.956,2351599000000.0,4910254565.57831,,39316279069.7674
1979,69252328951.6441,135093718050.665,73647694287.1848,,116315456796.918,221338204480.222,,243891124295.715,22249574627.6911,178573913043.478,27940411250.2732,19584443287.6712,,70393030602.547,14175160902.0721,,2960086312677.68,44469218439.9328,608218624730.188,884574218333.155,6902600200.0,19959731324.801,2953176971.07204,152995442497.709,394584507107.9,1077910077676.37,,68083884297.5207,21213264962.0141,1227446632.17561,1209870147.49099,,179933827309.678,20731243113.2926,53132244623.9213,19688383838.3838,3704551600.0,2293760510.9609,15954012439.1662,,26622819672.1311,,,,,63038658088.9121,214448666336.143,123207527699.377,114970094424.731,89616129032.2581,,438994070309.191,2627333000000.0,7181182224.11227,119258835.335525,48310930232.5581
1980,76961923741.0701,150200557103.064,81737498404.5948,,126829314388.191,237393489892.637,19839230769.2308,274776566028.053,29586676576.0951,191487500000.0,33400735644.0481,19912889861.1111,,70811287815.6106,17881508242.4481,,3311398072837.09,53649984061.205,694529183483.39,953772499462.019,7878700000.0,23116977148.0216,3499616683.34167,186328579302.068,478356755595.749,1129377244854.04,,66547970350.6151,24488224677.2105,1147027924.10804,1378175524.11186,2421990338.12083,195439301706.939,23244547384.6748,64439382896.0156,23654444444.4444,4614086400.0,2545808455.52399,18136838537.725,,32896519823.7885,,,,,89411864402.4272,232600556973.776,141886067003.972,122557843886.137,68823684210.5263,,564947710899.373,2857307000000.0,10163020115.7344,121185497.569261,59116511627.907
1981,78676842366.5529,177151979565.773,70755997062.3812,,104730018470.23,258015174748.648,19870000000.0,307246642755.859,35180322211.2903,196218253968.254,36388366869.0309,20150254096.3855,,61459941460.5385,21810759353.7304,,2890050505826.48,52440066133.9212,609184791792.396,803404797057.551,8607500300.0,23705883891.9445,3615094820.1877,193491368445.573,431695533980.583,1245221410764.15,,74287368087.3467,25004285791.7865,1157769443.59463,1205188647.93163,2249908578.03115,164375775854.456,24417617184.2478,63596654760.8677,28100606060.6061,5222421500.0,2498190847.39668,21648214892.8828,,31977276872.9642,,,,,93141472163.7596,202663023968.283,129498921475.688,112244805518.786,71180180180.1802,,540765675241.158,3207041000000.0,11048301420.6301,113781795.82356,66327441860.4651
1982,84307486836.724,194323071830.52,70996111962.5716,,92095926187.5331,271314113768.417,19342000000.0,314647807408.608,19710229067.2864,205480916030.534,38968039721.748,20953510235.2941,,60084214872.0657,19929846396.4239,,2787868117631.33,52784013815.2214,578152310609.841,779421633755.138,8716999700.0,24141667188.0517,3318714326.1952,200715624830.902,428257421617.752,1158731426905.85,,79921300446.6517,26804493635.3297,1092923635.57767,1143216456.56796,2118710248.32937,158712765536.024,24164603058.9949,62647195537.6511,30725971563.981,5769767900.0,2368719683.44848,21794535621.216,,30527754793.1382,,,,,85904057409.3585,195856752991.065,114214731798.937,115043365512.486,64369325153.3742,,515048916841.37,3343789000000.0,9178780076.99713,114501912.522867,67736744186.0465
1983,103979106777.911,177523719680.081,71838528420.4075,,87184239053.2544,189656506321.431,16563666666.6667,341866277182.733,20629678694.0684,231130268199.234,38729822781.5997,22204940512.2235,,60331158447.2389,17152477036.5005,,2710862889681.46,50956447480.7857,553356312935.709,773507930294.906,9050000400.0,21910365258.2514,2862634163.62085,218262146413.158,444063496940.337,1270859919742.9,,89621208322.3386,30347442110.9316,1104956573.09802,1092560364.51959,2297400687.55049,153671294108.563,24309279705.5731,61627240831.0948,28691889763.7795,5923755900.0,2562351551.04491,17345260564.4824,,27239650741.9472,,,,,96204110941.5672,170829074245.94,104862109663.367,114634358534.61,61803555555.5556,,489618008185.539,3634038000000.0,5102276308.45313,117389554.191406,67556279069.7674
1984,116915052107.031,193749932078.26,67719055773.3306,,83349530159.1734,188339974086.58,17594944444.4444,356718400123.543,19974595028.1582,260442857142.857,38253120737.9671,24039383608.4235,,58868891334.9941,16912509091.855,,2612656839102.0,52870993272.6553,525033325827.516,727767760978.627,9470000100.0,21242726264.4854,2964568005.62888,212157645177.652,438896930791.272,1345824500836.76,,99749645088.5994,33942897422.0465,1054564759.05328,1037329604.35108,1951260037.94542,144124462912.088,21665975318.8842,62057955032.7758,31151825467.4978,6183387100.0,2552662617.18854,17600400384.5073,,25217969049.5755,,,,,84870163365.9306,171979977230.387,109043045407.287,109455312167.511,59937602179.8365,,461487097632.349,4037613000000.0,4850238549.61832,144482515.368336,59867743467.9335
1985,88150891728.1064,180861108959.102,69114996009.577,,86268264148.3796,210879844638.877,17155421052.6316,366186012449.652,17933557359.8036,310064625850.34,34894411351.983,22920490774.102,,62452421010.9094,17149088413.35,,2686730457063.81,55856676899.4628,547220981165.134,735218723093.277,9721652086.95652,21510643750.177,3088359966.94589,232511554840.372,453259761687.456,1427019759717.41,,103764281280.89,31199633352.9598,1090611324.6814,1082867507.33142,1608237350.44365,144057523221.868,24679795396.4194,65416879914.3907,31144920844.3272,6541517100.0,2423339171.50015,15078736875.387,,27115807742.0873,,,,,64459376086.6883,180664322896.282,113958084357.094,110980314191.527,67232758620.6897,,489285164271.047,4338979000000.0,4732017873.38369,131856420.703184,61965466666.6667
1986,105872372613.857,182707050923.335,98648254168.5444,,120018787249.413,256480852471.129,20249294117.6471,379006836991.724,19197818084.6757,301310144927.536,34942489683.9712,24226574634.0293,,87748695216.9077,15314138472.3282,,3753266239108.06,73511611541.1682,764946585850.933,1050092624515.9,7231963515.98174,24778163812.0131,4129080094.00499,248985994040.59,641862313287.44,2120083812109.91,,119965960795.24,27734111399.7525,1482601552.40192,1515234743.47367,1809048527.11034,201157708220.903,30604668356.5695,78693118044.0045,31899070055.7967,6797834200.0,2647995602.28698,21859448586.485,,38745901353.7059,,,,,73354771399.2627,251141555185.933,150279869728.789,159089921062.872,75673037037.037,,601452653180.885,4579631000000.0,5880112788.40947,126498935.335649,60516123711.3402
1987,108810885301.253,189726707252.515,123682091858.946,,149394404105.889,283056836893.838,28101000000.0,433134238310.709,22605488850.8981,273455156950.673,36373307085.0887,25213935012.0819,,109183446340.073,13945426859.4657,,4639614022608.17,91564993913.1611,926320855614.973,1302932318824.81,7084399840.0,27232016527.4237,5713281235.45655,279033584092.223,807570134448.76,2580748422781.09,,152240393645.506,32181210157.9671,1906174437.96762,1839081463.27676,2300068216.96898,245406949521.323,40376354069.9474,94229907235.6215,33351529274.6869,6827665300.0,3143851794.08723,36889706592.6843,,48182925857.4071,38067567567.5676,,,,96535763418.3729,318520253335.13,182744315973.756,199236370037.554,87190081680.28,64087694038.2333,745162608269.325,4855215000000.0,7367494080.40014,139464173.547324,48029034482.7586
1988,126890235049.092,236461079970.431,132817124707.456,,162299103675.261,307881930752.268,22555941176.4706,509380027626.554,26174858613.8456,312888888888.889,39212550050.4223,27458999472.2955,,115540189705.118,13051881851.4068,,5094084472960.0,109039090262.971,1010827662151.75,1406367016371.53,7841602824.42748,29799838597.4079,6320093411.44744,296589670895.932,893663934840.821,3125724434400.79,,205477530605.222,35272109220.1988,2163252449.13108,2000704744.91538,2495094746.44024,262295966105.474,45176811594.2029,101900260856.222,38472742808.3167,5902783400.0,3656177880.70625,15439408447.2,,56347250696.3788,40424528301.8868,554828660436.137,,,103976831870.957,375891716897.586,206686590775.558,215540625298.982,90875175808.7201,74703517902.6642,910122732123.799,5236438000000.0,8213538368.84635,158351368.433149,60226413793.1035
1989,76629728760.123,300264309002.14,132584448257.93,,164221056511.057,412990820287.42,21988444444.4444,567211993243.243,30101767991.1135,348380566801.619,39540080200.3938,27023468665.8977,,112312200760.581,13890823704.5545,,5202884439938.86,118991270611.057,1016742237302.08,1404092925205.45,8410724360.79545,30422508937.567,5870854233.21143,296042052944.66,930801709003.669,3109455047823.93,,254236243100.439,38847965292.9185,2211312823.20576,2010083833.1726,2535135797.50766,258716904291.801,43920222524.7085,102633934390.615,40171106279.0078,5918469800.0,3546472565.69364,22499558526.3682,,60594092182.3275,41450777202.0725,506631299734.748,,,108055624081.806,414460794096.978,217632340194.512,208105846934.409,107127191328.935,82709161099.1244,926884816753.927,5641580000000.0,8438951476.06644,154013202.116475,43536709104.0115
1990,141352654305.163,311840666465.053,165811372382.912,17389558232.9317,205331747947.851,390725626002.866,20632090909.0909,596075591360.987,33428580448.2715,361560229445.507,47844090709.9908,28645436569.1489,41016881802.4843,138217740684.484,15239272611.5809,,6505695339260.16,141446120354.533,1257649439826.53,1778162195860.07,7650196845.21546,34478360678.756,6694851159.32729,320979026420.035,1183945130898.51,3185904656663.85,26932016269.6107,292064221388.988,44024585239.6137,2689212760.18576,2481307077.10989,2789921853.53112,318799003993.707,45495129385.0475,119791843059.572,40010423970.4576,6433967000.0,3219729083.06487,26410386962.8019,65977748210.5263,78713860216.5659,38247882300.4904,517014446227.929,12915046978.1615,19832029087.1272,126048140141.869,536175326477.31,261466577008.853,265763573999.424,150655500191.644,81393558423.4406,1093169389204.55,5963144000000.0,9298807850.29979,168879207.244148,48606952194.7752
1991,189719984268.485,326416407860.792,173113449616.971,18404907975.4601,210510999409.333,342609231342.783,7628738475.37666,612527712315.615,38232330917.2011,384510452961.672,49175565911.0655,24316556025.6585,30071014282.3218,139180507777.691,16988535267.6338,,6727631751634.05,127794441993.824,1258961748633.88,1875792575132.59,9406135143.41165,34867307352.646,7151260062.07169,270105341879.226,1249092439519.28,3648065760648.88,24923076923.0769,340851946803.812,49143148094.2683,2895354736.18332,2480540845.33242,2996869281.48364,327982316124.47,42745329732.163,121872464483.487,45625336680.2047,7074675500.0,3787394957.98319,34341465998.2003,85500935934.9901,89233599278.4792,28850634899.856,517962962962.963,14459924588.948,14454495058.907,135203698237.977,576753902321.857,273831464572.137,268901693863.319,151034731543.624,77350733982.4458,1142797178130.51,6158129000000.0,11206176650.9075,201334169.054441,53453444786.6256
1992,228778917308.17,325982966981.415,194314032056.098,16939790093.9054,234781652446.675,328187960871.951,8602887622.63828,594387358318.855,46538895685.8088,428502354788.069,58418985443.3172,22085858243.2432,35051065440.3962,152966494259.538,18094238119.0595,,7389295673878.14,112537828510.751,1389663073110.28,2141377582968.07,10440781587.5435,38857339124.9084,7328497599.30768,288208070278.013,1323204350353.5,3980702922117.66,24917355371.9008,366921291824.719,59167550162.956,3267677814.23984,2737049230.70442,3429521699.4026,363497050125.313,41649829859.6342,130838040067.584,48884671947.4657,8042337700.0,4377980510.05598,35966302303.263,94337050693.2727,107592098307.098,25121666666.6667,460290556900.726,15699327209.2121,14277261540.7456,146956150986.636,630465353486.104,283908914454.48,279921425828.474,159104772991.851,73945908383.7046,1179659529659.53,6520327000000.0,12878148790.7348,209088824.608438,60416519620.0849
1993,236741715015.015,312568858909.5,189634029338.696,16275073526.9819,224721795708.955,368295778245.09,10832064941.654,579053561739.4,49934943320.8828,446557291212.148,66446804802.5747,22367254864.8649,41155654032.1751,143111306004.102,18938717358.6793,4013091682.2914,6750807644414.01,89112105756.2194,1314383368079.69,2078954217437.6,11400017301.4587,40256233360.3817,6435952173.86159,279295648982.529,1067412587670.73,4536940479038.25,23409260879.9427,405705302846.447,66894966968.9736,3307302125.87528,2574494355.73357,3251188833.14533,354070495965.828,46775620817.4327,120579213712.804,51809999353.1614,8782585400.0,4974550286.18152,34832077220.8537,96043157272.862,95009751901.2592,26361160449.9704,435083713850.837,16737973764.3476,14449298371.7879,147194747565.75,524700572623.872,212644602615.823,272237527070.926,180415757851.616,65648559903.0571,1061388722255.55,6858559000000.0,15002136971.1745,200491853.167847,60037460783.1941
1994,257440000000.0,323269456935.317,202738023129.743,14931435232.078,244884129491.198,525369851353.742,9709240033.98973,579944346807.264,57438273591.0521,566929539493.172,81703500846.0364,28448326756.7568,48188478339.4129,156017919221.457,22708673336.6683,4123011419.74174,7157908667157.89,103182697780.307,1385822778827.98,2215282632276.73,12983233310.7467,43307949890.4603,6612804055.79289,327274843459.429,1101750159702.21,4998797547740.97,21250792886.1054,479181794216.859,74478356957.7808,3606050873.0139,2720332134.53623,3666503529.62911,379688232231.505,55314732279.1379,127131319428.701,52293470813.1336,9365289800.0,5502786069.65174,44882079766.8913,110803635287.621,99688641304.3478,30072805104.2542,395077301248.464,20428139755.6056,16400767069.6294,153512712381.836,530183651720.283,228699066874.028,301375055202.164,130650447499.071,52549580264.8064,1140489745944.29,7287236000000.0,17474588895.8918,233701301.490486,58418666666.6667
1995,258031750000.0,368725126225.126,240094169510.031,13972683273.5692,288025588396.278,769333330411.575,18991484420.36,605961090061.207,73820425701.6603,738190896227.55,92507279383.0387,30429803651.2192,60572381311.2283,184848481008.139,24432884442.2211,4502970889.06373,8298352822403.7,134060457516.34,1595219345511.89,2593053091306.13,14655404433.2771,46577614588.9926,7372640168.67697,360281909643.489,1177369428265.78,5545563663889.7,20374302652.3819,586286469400.665,88705342902.7113,4094741652.30048,3130309995.30848,3978514206.31168,452967334614.329,63918703506.9075,152029612324.788,60636071684.1918,9573813700.0,4636057476.42568,53312793687.3836,142838527115.448,118122007430.012,37430162102.6125,395537185734.854,26180022222.2222,21367422159.3207,171735933897.331,614170002668.802,267050453506.792,352835806342.495,234699627004.035,48213856468.5718,1349094208616.06,7639749000000.0,19297663096.5506,249333250.082507,77389487770.0883
1996,272149750000.0,401962517479.122,235952581232.129,14500437519.8258,279201433224.756,850426433004.077,12294964837.6235,630607994132.747,78584098983.6374,868523936530.083,97160109277.8087,25017368700.0,67804105329.8557,187481157845.724,25226393196.5983,4786018988.16491,8433614719069.7,131991975148.848,1598889216566.23,2506576553158.31,15674835615.3139,46833767123.6915,7686566105.26316,392896866204.516,1314776508972.27,4923391533851.63,21035357936.8796,631196863758.281,100855393910.486,4481489761.54368,3137886994.52207,3989163196.56767,451372549019.608,70140835299.0148,163520109150.671,63320170084.4076,9197503322.69367,5155311077.38998,55252414130.3019,160813026223.063,122630089680.27,36937074278.3004,391724890744.498,28197790874.5247,21470699362.6062,163234925380.563,642251412058.321,291949597375.485,340103959546.926,250366965174.129,44558831005.0621,1425287051482.06,8073122000000.0,20515458113.5857,261370044.486614,70543211119.099
1997,292859000000.0,436321902767.408,211724812267.448,14128408565.7064,252708051420.839,883206452795.124,11316127378.9613,654986999855.554,85741415285.165,967753570434.667,106659508271.255,25365908100.0,62539765163.1302,173241365735.483,28162053026.5133,5154420649.23354,7735885029565.07,126862902302.142,1449392222971.45,2218790886532.82,17790026221.6139,47398564799.2496,7716781803.07823,415867563592.829,1244988176443.84,4492448605638.94,22165932062.966,589202526424.141,100005323301.867,4243755307.55239,2840195190.36905,4154989950.00393,417506211881.635,66075143415.4952,161356631888.484,62433340468.0228,10058854386.1392,4936615298.79367,58147522522.5225,159893964916.817,117016535162.95,35575214078.2428,404928954191.876,27844628979.2682,20726878751.5006,168978057327.73,589739772727.273,268249616890.856,294788198856.198,263817553748.395,50151531591.7317,1569317288801.57,8577554457000.0,23969739233.8966,272771209.113662,85837678559.8324
1998,298948250000.0,400361527504.578,217068085815.918,15222012660.4232,258528339631.029,863711007325.493,15031055046.7575,634000000000.0,81990010704.0602,1037134141760.35,98443739941.1664,25736331200.0,67187217327.7326,176877077513.133,27981896948.4742,5674080542.88575,7970103042535.26,133990876724.522,1496906382032.47,2247760364565.97,19395491992.9939,48784412623.5939,8637732541.50677,421351317224.941,1272729786996.77,4098362709531.24,22135245507.3656,397297216492.19,72167498980.8398,4225813976.36359,2934593467.68589,3873109865.55683,438612530548.767,56227169851.0448,154230295158.447,62191955814.3478,11019557689.1677,3789443014.61662,55501467877.381,175282269666.801,123946327916.296,41696091973.7076,270955486862.442,29976207629.4888,22058635314.4836,152982984557.233,618731484575.12,270887306758.576,303459014346.806,276035372654.608,41882523345.1804,1660821464060.95,9062818202000.0,25385886977.5228,262293410.708334,91336763255.0597
1999,283523000000.0,390347787943.351,216421809125.916,12138486532.0203,258245733221.468,599642075004.471,13637098579.109,678412196271.118,75578685735.5219,1103843203575.64,86186158684.7685,28364615200.0,65586562604.8621,177887720535.535,19645272636.3182,5756912265.75809,7936107808460.76,135234241918.147,1486915879701.93,2213873468586.88,18318412251.3642,49160204397.4635,9107644690.76647,458821052615.79,1255004736463.98,4635982224063.88,16870817181.7799,515697079289.011,79148421052.6316,4402193195.46945,2907118641.17756,3868551730.39163,447778514140.155,58762260625.8758,162383706021.13,62973857068.5113,11660704777.0881,3477038204.01733,50187324567.883,170704452714.673,127470385557.184,35953156753.739,195907128350.934,30496272225.1337,22609669083.7179,151516957078.536,634394904386.874,274318357862.122,297873643323.126,256673939247.773,31580639553.8298,1693458987218.9,9631174489000.0,23983945190.6202,268006972.690296,97972842461.5131
2000,284203750000.0,416901962163.479,196181599831.287,12736856827.9847,236792460312.471,655448188259.351,13245990274.4581,744773415931.587,78339750721.364,1223754919971.05,99875074951.0278,30565400000.0,62175642238.0847,164043817223.59,17539454727.3637,5686579747.53524,7288481048952.25,125967821110.589,1360959069477.49,1966980701145.1,19288929030.0508,47275954428.9586,9140168922.35677,468395521654.458,1149661363439.38,4968359075956.59,18291990662.0356,597487173479.109,93789736842.1053,4726108622.47661,2654462665.26893,3922232164.83175,417649282153.726,52623281956.7031,171457201935.968,99484802344.5277,11966497048.6488,3521339699.07407,51744749133.213,172953527033.013,118605192877.388,37253739511.1273,259710142196.943,29215726004.7765,20159190701.6789,151752757215.309,598102854756.08,262903560280.282,279216033870.204,274748463178.502,32375083934.8241,1671597821152.97,10250947997000.0,22823270892.1094,272014627.835262,117146466002.661
2001,268696750000.0,380360222861.197,196477206829.33,12354820143.8849,236746141604.37,559983704094.17,14183446025.7389,738981792355.372,71574739561.4329,1355036590251.52,98200641203.3892,31682400000.0,68135304463.9641,164881594415.341,23127055000.0,6250218422.70164,7407615944962.45,129519672868.898,1370376677298.86,1966381496641.73,18405220247.4412,53800068065.7969,8323401820.48477,485440139204.171,1172041488805.87,4374711694090.87,22152689179.8815,567564806235.441,92783947368.4211,4675755867.17657,2673723033.71239,3557341215.15159,432536219668.898,53872425916.6248,174239354070.977,97145618479.9038,12252906340.6841,3081024212.42924,52030158775.4055,191823200371.284,121604107164.997,40395116581.4832,306602070620.5,30726659550.9717,20668868706.8115,135429905922.526,627798682378.741,242497797484.776,286582672434.226,202195080239.036,39309580983.2282,1656171009068.66,10581929774000.0,20898761742.2386,257926881.72043,122911036746.729
2002,97724004251.8602,396436967262.563,212837224022.813,14594900944.7658,258383599375.177,509795270685.19,16403043849.8297,760649334098.005,70264045939.2773,1489821682050.54,97945812802.8882,33590500000.0,82607869609.574,178788209558.311,27054197000.0,7370119619.4782,8100430284893.67,140360963811.765,1492427756382.43,2102350798305.89,20444205991.025,67636468625.0428,9416199699.54736,514939140318.756,1281746271196.04,4182846045873.61,24636598527.4437,650014391470.21,100845526315.789,4906494249.38255,2919647981.81473,3349169826.38896,475529972122.746,66627729311.4495,195914852576.467,97923302809.3537,12800851270.5514,2999511040.19764,54777553515.0809,199694463255.567,134795565549.419,46065502702.5817,345470494417.863,35243658398.7546,23214593516.2095,129087556612.449,708938227243.923,267371907446.776,309301422430.386,240778008473.845,43956163612.0433,1790536570743.41,10929112955000.0,13606515722.5864,262596535.549028,92893587733.6549
2003,127586973492.177,468517181129.878,260779834340.097,17825444724.4878,318082528506.588,558233724164.711,21144957990.4681,895540646634.787,76492579644.0605,1683903309843.85,94644969157.0987,35901200000.0,100435924704.881,218421193436.252,30965208000.0,9876595528.45528,9956860723577.65,171612867735.686,1835095983049.09,2534715518349.01,21576351798.9145,85190469121.074,11564687741.9859,607700687237.318,1582930016538.82,4519561645253.53,30833692900.1091,728516494684.269,110202368421.053,5894873919.74797,3597089750.78276,4926439383.51425,582435617081.96,88250885550.2626,229385469337.024,112371913740.823,13603456003.2851,3536411824.2958,58731030121.8671,218561225998.47,165226175536.793,57806384143.166,430347420184.885,46616149116.7411,29360575031.8177,197018965308.697,907963217057.645,334072443515.576,362075086507.76,315392899922.379,52010355753.0461,2061227755102.04,11456442041000.0,12045638351.8507,314471413.001776,83620628582.1082
2004,164657930452.787,615643050220.515,299210411454.823,23141566292.9462,369214712443.206,669289321944.512,26157743368.8716,1026690238278.25,99075985773.6682,1984196551300.44,117092416666.245,38203000000.0,120147899983.657,251986155630.852,35194947000.0,12148595031.0559,11449101966447.2,197458297639.769,2109792297237.03,2852317768061.78,23577298094.6571,104015363080.271,13963943244.0018,709152728830.775,1812808753294.75,4893116005656.56,43151647002.6096,823251107638.814,124749473684.211,6667418752.07307,4043551488.82603,6609205994.77406,661224886143.245,103905210084.034,265268662473.297,132216048339.413,15100203361.784,3927157866.96465,66768703497.5687,256268656145.134,189382122532.169,74973656851.8076,591016690732.385,57215475076.2986,34156553313.4031,255806908594.573,1069829382514.67,384545442175.019,403912891033.374,410156784495.948,67220154164.3166,2429774807762.72,12217193198000.0,13686329890.1191,364996869.129618,112451400424.964
2005,198737095012.282,696811489612.816,313952317330.776,30210091836.8294,385714762230.039,891633826625.407,29868657858.0082,1173108598778.68,122294145163.192,2317551298052.05,145600529605.803,42643836100.0,137264185596.1,265150087711.985,40278849000.0,14109491356.7964,11954349375612.0,204859368790.661,2192146403028.17,2893393187361.87,26783389293.922,113098237570.929,17146410560.5279,820383763511.445,1864982261286.85,4831467035389.8,57123671733.8952,971740329983.878,143534405818.501,6576108447.47531,4204652898.73103,7248374837.72056,688133699635.797,114720129550.095,309978579743.888,145208562960.767,16623906739.3121,4865892972.27595,76060606060.6061,306999913150.525,197253876704.921,98454380120.0761,764015973481.11,62547753148.4638,35947936823.7781,288867217196.534,1154667551775.88,391688455928.597,418284865884.998,508314210212.544,89238865118.5263,2551361818181.82,13039199193000.0,17362857683.8545,394962433.029368,145513489651.872
2006,232557260817.308,749708370332.989,333905979332.481,36961894281.3444,408259840868.823,1107626711163.23,34380536495.6739,1319264809590.97,153843518170.864,2791498472804.33,161792958904.864,48835925925.9259,156236258386.589,283386151543.687,45690762000.0,17025671810.3124,12768357074578.4,217044068234.117,2317861544690.82,3046308753670.58,29744246827.1839,115604111412.139,17671649843.2602,940259888787.721,1958563654385.64,4601663122649.92,81003864630.018,1095175538508.19,162692258307.056,7137710412.93687,4586826512.71356,8001779551.06323,737593995289.411,111538810712.665,346915160681.708,161871385506.36,18659721513.0123,8354911040.70193,88643193061.748,345897630736.173,208756449275.848,122023735992.706,989932071352.543,70751813442.9881,39260368837.0342,303858675363.643,1261846683275.29,422528394459.353,441634672196.523,559668118237.002,111884752475.248,2719558417663.29,13815586948000.0,19741420739.8901,439358586.535588,183477522123.894
2007,287530508430.568,856603595823.192,386760177589.497,45275711995.825,470922156309.453,1397114247188.89,44431257128.8618,1468820407783.26,172491076033.863,3604055822571.63,206229540926.312,54262870370.3704,190040702286.917,320213157595.018,49848725000.0,22450264166.4385,14789471689508.0,256360251537.648,2655816911866.56,3484056680854.91,33567850824.1039,140123326896.329,21960110030.4426,1216736438834.96,2222524108127.65,4579750920354.81,104849915058.376,1220911904593.06,193549569477.733,8277442915.00168,5875790766.2621,8839536475.99963,853499460872.552,137188946865.584,402643260487.572,184140869997.46,21717433808.2684,9545028944.34579,102170981144.136,429715132137.503,240496147317.381,174588782938.583,1299703478481.65,86587749517.9724,47880266542.577,333077117253.684,1476746276854.51,490047789548.441,490740715594.802,685228481017.03,148733861386.139,3104699879951.98,14474226905000.0,23797773024.3992,516392922.513728,230364012575.687
2008,361558037110.419,1058448244063.77,429234399096.173,60752106347.126,517328087920.078,1695855391757.96,54480684188.4442,1552989690721.65,179894594475.405,4667346414521.95,242504150472.931,56302129629.6296,236506264753.95,354979471960.142,61139438000.0,24342935403.5447,16364455236166.7,285698662071.094,2926802941585.86,3808197720125.0,38503720224.3166,158228265915.534,18247921360.2599,1198895139005.92,2417508414187.19,5106679115127.3,133441648851.982,1091580692542.34,230811614370.384,10127777060.4113,6502942244.93068,8607431497.49471,957901566041.406,133437126590.286,464917553191.489,202203748583.854,25721327955.2772,11670892800.5309,120550599815.441,535612030671.888,263416394624.084,214315932061.275,1660848058303.11,100830060552.902,55509332322.3578,316131258616.309,1636115447612.5,514614100832.941,567267767519.158,775415944332.866,188110390659.515,2945251838235.29,14769857911000.0,31119602538.8322,590748429.401902,315953388510.678
2009,332976484577.619,931761689770.843,399290118782.429,50873167326.0414,485014525992.461,1666996294252.12,52023801230.12,1374625142157.29,171777900623.892,5189577094997.58,232468663109.595,57481481481.4815,206971882704.716,322619152194.594,60094978000.0,19633984440.1223,14844813523140.0,253480783439.453,2700075882518.98,3478545516683.59,37126148264.6383,130807441076.16,13212543837.5133,1341888016994.9,2209484319012.65,5289493117993.89,115308686941.38,983065242417.36,202257453036.641,9264513545.14108,5474379252.34114,8938847189.07592,878954223140.234,121663439315.385,387976400617.019,187337783856.466,27791215547.3487,11619456449.266,120822986521.479,440891472247.096,244667762835.543,174110532658.867,1222645900055.7,89342984697.5246,49975540954.8465,329754060647.129,1496587590847.66,434311714442.499,554212916092.271,653894449921.288,121552153444.124,2429358155475.93,14478064934000.0,32708319077.5179,592622319.145664,329787628928.472
2010,423627422092.49,1152566632022.13,389827789217.634,57231904542.8755,481556503720.001,2208838108484.35,50689051382.4361,1617343367486.26,217051209238.534,6192564874453.29,286498534094.963,59562962962.963,211168667286.27,322345594075.47,68151329000.0,19524355419.038,14641773544950.6,249429613683.334,2646230027988.34,3467093769666.67,40676578423.4871,131898737241.166,13922711576.5124,1675615519484.96,2144936254535.0,5759071769013.11,148047348240.643,1192830015737.68,255017638455.59,10144716154.9356,5367561569.59548,11431412421.1316,852464982433.335,146887902524.052,431052143940.438,196709621849.586,30231009532.9507,14250786674.7766,147527631520.729,478111630683.514,238443864993.217,170064350671.827,1524916715223.95,91112160800.7668,47793117240.9001,417363822801.713,1427989078916.67,492750897239.447,598851028906.58,782545664268.333,141209170427.233,2496740681057.14,15048964444000.0,41950361211.9581,670712979.682038,393192354510.653
2011,530158122010.442,1402939868653.4,428954737064.057,61762382327.9319,527196649048.639,2616156606579.21,57681293006.9721,1793326630174.52,251382573893.87,7671757207851.29,334966134804.887,68990000000.0,231429378717.312,344315595263.175,78986648000.0,23303915794.7569,15874713437636.1,275126915515.565,2870408553990.28,3823575803793.78,46876006272.2387,141712804953.868,15394005872.149,1823051829894.55,2306974020278.21,6233147172341.35,192626464617.071,1307103477219.1,297951668674.835,11677718382.4259,6088689808.38347,12523359440.5499,913140741332.687,168484908960.078,501360549669.404,230586581059.665,35687738251.8135,17985138065.8549,171761737046.585,527848543023.469,245426767676.002,192623977894.173,2045922753398.04,99705104723.4341,51199194599.3094,458199494830.834,1487568659241.25,570538581144.45,715888126682.396,844192507380.795,169333835201.554,2675590034128.66,15599728123000.0,50342406067.0777,770153588.218833,316482190800.364
2012,545982375701.128,1552728401401.58,406750487603.59,65685890438.8922,498414364944.961,2465228293706.86,54297052002.2338,1828366481521.6,267024782486.855,8673664713189.24,370691143018.039,73141000000.0,210363223087.728,326792574244.963,87735048000.0,23237406116.3988,14731876146120.7,257443384492.969,2683007095787.23,3596483233406.25,49593929487.1263,128470269689.958,14943757823.3226,1827637590410.41,2097929495121.68,6272362996105.03,207998568865.789,1335343586437.67,314443047642.111,11832323837.1071,5742749294.00852,13042053591.6857,845689017065.625,176560711239.147,512777309840.997,250106966104.704,41595439720.9767,21295168665.7247,192650021648.583,498148649702.66,216536676771.973,179117323107.087,2208293553878.42,94724394278.052,46167053954.3367,434400545085.811,1330994811670.31,549739674655.127,686420221557.99,885327622479.052,182591753827.949,2719715961539.83,16253972230000.0,54232266358.7811,747839697.746593,372592062768.06
2013,552025140252.246,1583737461925.39,426580502769.417,75527558966.4473,524097026598.55,2472819362043.74,55819262374.9039,1846597421834.98,277395018842.417,9743124247267.24,382093697077.685,77148000000.0,213024360541.119,344631016965.12,96570334000.0,25451032780.7573,15398507628838.6,270268036626.275,2816077607875.26,3807023797050.99,52996420177.4409,135646053778.582,16244319958.6808,1856721507621.58,2153225581941.46,5212328181166.18,236634603409.089,1434669686501.84,323276235524.415,12434596541.2996,6555591709.88585,12043307277.1235,883951539006.669,191012364176.878,526014468085.106,258657231672.412,46949496479.4008,21261338064.8783,201175543571.392,518179836405.36,226677408291.745,189798603751.235,2292470078346.22,99134277850.3418,47867056858.8892,400886013595.573,1362186923157.65,584125353119.18,706234937370.968,962167643588.925,190498811460.028,2796908333283.39,16843190993000.0,61337621933.7857,758304466.245339,258930655486.37
2014,526319673731.638,1474677007565.64,438556021078.034,78813069120.9984,537987419164.351,2456043766032.38,57080897012.1077,1805749878439.94,259560978224.359,10674533168257.4,381240864422.407,80656100000.0,210911285077.683,352832602064.452,102717794000.0,27055689003.0038,15763596442222.6,273478528954.901,2861236112552.42,3964870735760.77,57852159007.6243,141128696412.321,18052183514.8695,2039126479154.52,2173255507985.84,4896994405353.29,221415613595.469,1556252422020.44,338066095097.254,13230490081.5656,7070017323.65476,12435430969.6301,901556501756.467,201518402787.38,501736471832.848,271390474857.632,51427104881.9655,23210823987.308,200786250582.943,542134167178.627,230078616299.675,199722319675.741,2059241589895.01,101713075598.862,49514466379.6057,381198869776.106,1380244561361.96,577727767303.596,726537808338.0,942343431928.654,133503871861.723,3085362169410.29,17550680174000.0,61496186973.902,773717010.546445,214689614732.719
2015,594749285413.212,1356805839935.9,379546097300.633,56454769844.7632,461044767544.531,1802211999456.42,50765918159.1476,1556508816217.14,242450355830.884,11280814787468.9,293492370193.166,87132800000.0,189107698561.919,301758922337.637,97209558000.0,23311847750.9394,13656252620703.3,233210733506.25,2442483452642.5,3425099578746.09,62186066547.6566,125244126623.289,17700486957.1907,2103588360044.94,1845428048839.1,4444930651964.18,184388404706.042,1539212301135.55,301355266964.947,12162211503.0793,6264756528.37691,11335161083.5061,775743675302.734,178224167087.99,388159512245.53,299963590534.773,55767806073.1781,21723437010.0982,189802976285.619,480054118583.367,199038523119.639,177885131240.315,1363482182197.71,89178548717.3324,42709468274.8137,346709790458.563,1206164777553.12,501602351911.6,694118186379.628,865460050683.656,91030967789.0717,2945579890258.46,18206020741000.0,57680327998.6689,759690180.951654,125449241571.391
2016,557532320662.955,1211588128417.61,393687359770.273,47723545321.259,474271566739.729,1795693265999.04,53929397039.2106,1527994741907.43,249344863928.438,11456024084962.0,282720100286.228,91370407900.0,198160659303.939,312181849372.233,97671433000.0,24561027787.7896,13988147697216.6,238777818792.608,2470407619777.13,3536787895179.0,66053408205.8838,128983560865.293,21083713310.457,2294796885663.16,1887111188176.93,5003677627544.24,137278320084.171,1579150518945.44,301256033870.334,12757680846.5663,6471290793.55029,10722018732.0936,797163949289.885,189100085275.23,370956547619.048,313630000130.435,59760858717.8359,20758876952.6232,191898104390.379,473259583969.643,206305431241.638,185290759248.844,1276786350881.14,90347173228.6356,44290685824.0682,323585509674.481,1243015667917.12,513058312950.939,687895460902.713,870818016909.84,93355869403.9223,2706807606538.73,18695110842000.0,57480787465.2716,804323576.861028,112915034262.314
2017,643628393281.364,1330890554614.09,414926138132.691,54725405751.1559,500908767351.53,2063514688805.78,59167647387.606,1649265644244.09,276154259981.097,12537559062282.9,311866875156.879,96850649700.0,221563575696.217,331610593961.988,104467486000.0,27469461919.1189,14871313684625.8,253846138440.0,2588868323334.71,3765351626105.89,71653780740.4226,143335098991.862,25060086487.8901,2651474262755.45,1970720904584.71,4930837369151.42,166805788827.233,1710196756713.17,319109094160.343,13896938315.2799,6430254652.58934,12895153370.9132,848233537845.884,206745969246.073,401745275035.261,339205534861.1,64327688826.3137,22742699138.356,211007984080.911,528356676667.211,220862990767.229,210147385855.419,1574199360089.0,95978130734.9766,48153200134.6613,381448814653.456,1321754088818.83,535172356784.769,695200833086.499,863874522365.276,112090505081.739,2699118387873.1,19477336549000.0,65005997963.4822,880043284.399407,115883275162.586
2018,524819892360.176,1433144978761.67,452582294972.775,60031026576.26,542638913427.921,1916933708352.71,66097226262.2191,1725329192783.02,295857562991.709,14147765772963.8,334198218098.276,100050036100.0,251992360762.236,355293374912.393,107478961000.0,31222632740.7247,16092403309151.5,273869255596.078,2781576320884.39,4055433215301.96,73328356007.6152,161184691013.835,26677652544.3499,2702929641648.74,2099435266458.67,5040880939324.86,179339977690.485,1824251454306.83,358788845712.53,14957535715.9696,7184333936.01355,13682019076.4022,929733599796.862,211985631173.205,439788625883.8,356128166704.921,67316471181.2488,24109780708.0268,222597009739.235,594616687350.017,242092894542.888,241791427223.903,1657328773461.31,106611673364.837,53689067639.9176,405260723892.517,1431642809327.06,549649344043.182,725568717468.001,788356985773.667,130891088293.55,2897028009916.05,20533057312000.0,65344577415.7535,914727908.137793,102021093964.682
2019,447754683615.225,1398349602956.35,442983642371.842,64410170653.4569,536726344405.489,1873288158838.63,68507731353.9114,1743725183672.52,278285058719.466,14560167101283.4,323031701192.84,103427600000.0,256794209028.77,345401473012.615,107595830000.0,31873748770.0313,15809073096211.4,267014821129.411,2722793515171.76,3959894794039.21,77172331693.4093,164936682033.992,24985687022.0452,2835606256558.19,2019606796583.53,5117993853016.51,181667184854.501,1751045752054.63,365177721021.516,14645235204.6176,7383496254.23721,12541928303.48,928903005576.469,213006341101.869,408742840909.091,320909472770.669,69778991192.5571,24750626029.8777,228346006003.648,602683770144.88,240115970063.019,250080428511.595,1693115002708.32,105843498304.094,53909922735.545,389330032224.269,1403496387686.27,530894124494.418,721369112726.724,775853144222.613,153883047509.577,2875710080015.3,21380976119000.0,62222313618.8454,936526267.622513,73014084091.3
2020,385740508436.965,1333336461648.09,434397601557.696,61371673344.7424,529694473501.791,1476107292151.95,70486877546.4901,1655684730000.19,254042159309.311,14996414166715.1,270348342541.465,107352000000.0,251109660602.536,355631021931.621,95865473000.0,31820771493.8974,15504055464107.4,270000311606.226,2647926055110.05,3941398957073.94,77719468248.3666,158468487754.196,22034665040.7901,2674851578587.27,1907481094079.23,5054068005376.28,171082365861.423,1744070276373.34,337456163961.211,11566111137.5568,6730736282.78961,10583748541.5258,932560861701.17,213029554653.687,367633418886.627,300425609817.981,57059846521.5327,23848447849.6081,201409694755.934,605914237903.742,229618773422.577,250625048303.578,1493075894362.14,107732602896.441,53384760135.1581,337974655408.055,1289783836971.21,544265668451.678,741999406005.627,733628247119.077,156617722013.342,2724001478304.59,21060473613000.0,53559359261.826,909421043.508407,42838020721.1995
2021,486564085480.036,1560617493202.69,480466363176.806,69673747131.87,598522422241.851,1670647464062.96,84374613233.36,2022378748423.23,315325547162.072,18201698719564.0,318524633225.395,,290972714482.313,406110162088.054,107179074000.0,37201101170.5847,17495226733585.2,294223210496.119,2966433692008.09,4355251953410.78,86455522272.7383,183282685440.486,26234872402.457,3167270623260.47,2179207773596.09,5039148168861.22,197112255360.612,1942313560965.9,373784553029.978,11622048696.8129,8623242743.29564,12402486183.6396,1054472123449.6,253977931814.967,503367986030.268,348516647445.148,67396392506.2378,26109413521.3117,226328766459.634,689170230665.35,256055879091.139,285071280114.469,1829186719575.1,120511265913.343,61540813361.8556,419986284375.368,1461244901852.69,631693331300.776,815309330986.719,839938668172.134,199765859570.935,3194559188925.93,23315080560000.0,60739084240.8633,950394006.532514,56614976854.5499
2022,633993756301.08,1695627535475.8,473221298968.216,73775179924.603,591085783326.267,1951923832083.87,90506153293.6733,2190411080134.32,301226575540.242,18316765021690.2,345632492851.448,,301831228325.556,400114306337.077,116133121000.0,38226641740.29,17023612496380.4,280253099309.34,2794788137066.94,4201021706478.62,95641446500.6523,177002580544.155,29166102877.2755,3346107287730.93,2104067630319.46,4262463317796.53,225496328925.494,1799363116866.52,407830525989.553,12936444123.3037,8800430486.17137,12569449123.3661,1046540797548.64,249509991440.438,596297651035.798,374890295666.694,76479304470.9375,31653185952.609,246065570308.155,695607470875.276,256898677175.024,295319437556.988,2291612121334.64,115792972358.209,59899117741.0022,407596043067.885,1448850658406.62,575071237640.921,828508926958.393,926097476913.818,161989520721.19,3181244350465.41,25604848907611.0,70594110920.0358,1055031360.57356,89013255584.7499
2023,649461687959.174,1734451264655.6,516670509628.876,72478760370.4258,651330595110.011,2191131869706.02,102199231384.542,2173339670064.33,335518054097.637,18270356654533.2,366291836137.916,,345059295659.911,404651706117.557,121147057000.0,41470344395.1086,18659133072074.8,295021982462.75,3056250648138.29,4562207532490.28,104368755054.601,213240316634.648,31677891896.7861,3638489096033.86,2316727999333.18,4213167237905.83,261840101059.923,1844800934391.54,399949418752.657,14072212290.4596,10003892565.2005,12408271449.2244,1135475867551.0,255194972673.122,482949731776.587,336686348609.266,83812155244.3352,30816367066.9594,266958720837.988,812451193396.143,292323800948.839,347757995758.914,2071505725030.58,133578518423.544,69255264238.3855,381440724491.232,1619481980719.64,578990915246.07,894424821645.205,1141242864657.45,181221517868.744,3420796653789.08,27292170793214.4,77991666837.7382,1115861055.72463,102376526555.948
2024,638365455340.04,1757022451652.83,534790720466.822,75961865471.9129,671370081636.406,2185821648943.86,113343355779.985,2243636826633.76,330267137371.592,18743803170827.2,418818154879.271,,347034062928.479,424524722037.047,124676074700.0,43130419829.35,19497115588443.6,298696961297.656,3160442622465.08,4685592577804.69,113199581158.203,222722738925.641,33255181468.9382,3909891533858.08,2380825077243.59,4027597523550.58,291480274648.826,1875388209406.8,422227005428.688,14937861786.17,11125783372.4794,13372354511.716,1214927698572.66,260172385097.616,483592648313.301,371570000121.266,86523959131.7472,31800428265.5246,289221969062.941,917767106146.761,313271185085.102,382564217988.866,2173835806671.66,140934076532.375,72972015197.3859,401144998373.585,1725671652742.19,603715224265.798,936564198048.516,1359123768774.12,190741262414.705,3686033044482.13,28750956130731.2,80961511073.5797,1117972034.22642,119802963257.783
